{
    "camera_matrix": [
        [
            3079.1122028461314,
            0.0,
            2058.956257079556
        ],
        [
            0.0,
            3097.372202275069,
            1635.072026290649
        ],
        [
            0.0,
            0.0,
            1.0
        ]
    ],
    "distortion_coefficients": [
        [
            0.3334775450651216,
            -0.786055917223066,
            0.010033524642253806,
            0.0044660071101702515,
            0.7906764986742376
        ]
    ]
}